City_ID,City,Lat,Lng,Max Temp,Humidity,Cloudiness,Wind Speed,Country,Date
0,carmen,18.6333,-91.8333,22.02,100,100,0.0,MX,1679250195
1,carnarvon,-24.8667,113.6333,23.31,79,0,8.88,AU,1679250334
2,qaanaaq,77.484,-69.3632,-22.66,70,41,2.87,GL,1679250335
3,darlawn,24.0167,92.9,14.59,98,100,0.93,IN,1679250336
4,ahuimanu,21.4447,-157.8378,26.22,80,75,2.24,US,1679250337
5,nikolskoye,59.7035,30.7861,2.94,99,100,2.14,RU,1679250338
6,punta arenas,-53.15,-70.9167,10.06,57,40,13.89,CL,1679250338
7,fortuna,40.5982,-124.1573,12.18,93,75,7.2,US,1679250101
8,sibolga,1.7427,98.7792,24.93,90,67,1.49,ID,1679250339
9,itoman,26.1247,127.6694,20.01,74,40,2.57,JP,1679250305
10,kutum,14.2,24.6667,25.76,13,79,3.57,SD,1679250339
11,busselton,-33.65,115.3333,18.82,58,54,6.2,AU,1679250340
12,clyde river,70.4692,-68.5914,-24.87,77,0,6.69,CA,1679250340
13,asasa,7.1,39.2,11.89,96,100,2.44,ET,1679250341
14,atuona,-9.8,-139.0333,26.87,73,8,6.81,PF,1679250341
15,lebu,-37.6167,-73.65,15.65,66,4,8.98,CL,1679250342
16,jamestown,42.097,-79.2353,-2.21,58,100,9.77,US,1679250342
17,rikitea,-23.1203,-134.9692,25.97,72,2,5.51,PF,1679250343
18,yatou,37.15,122.3833,4.88,76,100,3.16,CN,1679250343
19,hobart,-42.8794,147.3294,9.92,72,75,4.63,AU,1679250344
20,asau,46.4333,26.4,5.71,71,81,0.64,RO,1679250345
21,muskogee,35.5834,-95.3336,6.64,34,0,2.5,US,1679250346
22,poum,-20.2333,164.0167,26.39,75,0,4.23,NC,1679250349
23,havelock,34.8791,-76.9013,13.88,37,56,0.89,US,1679250350
24,vila franca do campo,37.7167,-25.4333,17.23,83,48,6.28,PT,1679250350
25,tarko-sale,64.9225,77.785,-20.66,85,25,5.55,RU,1679250351
26,eureka,40.8021,-124.1637,12.33,97,100,0.89,US,1679250071
27,taoudenni,22.6783,-3.9836,31.55,10,0,7.32,ML,1679250352
28,saldanha,-33.0117,17.9442,19.03,82,0,6.09,ZA,1679250352
29,pisco,-13.7,-76.2167,27.03,61,0,4.63,PE,1679250353
30,port elizabeth,-33.918,25.5701,23.94,87,20,6.69,ZA,1679250353
31,hermanus,-34.4187,19.2345,17.67,75,0,1.5,ZA,1679250354
32,new norfolk,-42.7826,147.0587,9.72,64,41,0.89,AU,1679250354
33,pereira barreto,-20.6383,-51.1092,27.34,64,82,2.52,BR,1679250355
34,chokurdakh,70.6333,147.9167,-27.53,97,100,6.33,RU,1679250355
35,laramie,41.3114,-105.5911,6.09,20,0,12.86,US,1679250244
36,timra,62.487,17.3257,0.82,86,100,5.66,SE,1679250356
37,lavrentiya,65.5833,-171.0,-10.81,96,100,2.5,RU,1679250356
38,eyl,7.9803,49.8164,27.07,80,100,3.57,SO,1679250357
39,maceio,-9.6658,-35.7353,30.69,62,40,8.75,BR,1679250141
40,albany,42.6001,-73.9662,0.57,55,79,1.34,US,1679250119
41,rawson,-43.3002,-65.1023,24.3,25,0,4.05,AR,1679250358
42,opuwo,-18.0607,13.84,24.2,33,90,4.48,NA,1679250358
43,vaini,-21.2,-175.2,25.09,94,75,4.63,TO,1679250288
44,yellowknife,62.456,-114.3525,-13.71,61,40,4.12,CA,1679250359
45,la ronge,55.1001,-105.2842,-10.86,57,0,4.12,CA,1679250359
46,korla,41.7597,86.1469,4.98,18,60,6.41,CN,1679250360
47,hilo,19.7297,-155.09,26.45,67,20,3.09,US,1679250351
48,trinidad,-14.8333,-64.9,30.99,70,40,1.54,BO,1679250361
49,piranshahr,36.701,45.1413,6.26,83,87,1.76,IR,1679250361
50,tasiilaq,65.6145,-37.6368,-10.91,78,100,1.39,GL,1679250362
51,carballo,43.213,-8.691,15.01,86,100,1.13,ES,1679250363
52,victoria,22.2855,114.1577,21.91,91,80,5.81,HK,1679250363
53,bredasdorp,-34.5322,20.0403,19.53,77,0,1.97,ZA,1679250364
54,teknaf,20.8624,92.3058,22.25,83,100,1.41,BD,1679250364
55,timmins,48.4669,-81.3331,-8.1,53,75,4.12,CA,1679250107
56,gat,31.61,34.7642,13.0,100,58,6.34,IL,1679250365
57,ushuaia,-54.8,-68.3,4.81,75,75,12.35,AR,1679250368
58,mataura,-46.1927,168.8643,16.38,95,97,1.86,NZ,1679250344
59,bamako,12.65,-8.0,38.23,7,0,1.54,ML,1679250163
60,grindavik,63.8424,-22.4338,-0.03,54,0,7.2,IS,1679250369
61,menomonie,44.8755,-91.9193,-0.98,51,0,6.17,US,1679250166
62,butaritari,3.0707,172.7902,26.85,75,36,3.65,KI,1679250370
63,padang,-0.9492,100.3543,25.03,88,100,1.89,ID,1679250371
64,lorengau,-2.0226,147.2712,26.23,81,10,0.59,PG,1679250372
65,nanchong,30.7951,106.0847,11.69,84,100,1.81,CN,1679250372
66,alofi,-19.0595,-169.9187,22.94,100,98,0.0,NU,1679250373
67,mount gambier,-37.8333,140.7667,12.79,67,62,5.25,AU,1679250374
68,bluff,-46.6,168.3333,16.56,79,98,5.58,NZ,1679250286
69,sioux lookout,50.1001,-91.917,-5.96,49,75,3.09,CA,1679250374
70,tuktoyaktuk,69.4541,-133.0374,-14.0,72,75,5.14,CA,1679250375
71,barrow,71.2906,-156.7887,-22.99,77,20,7.2,US,1679250182
72,dikson,73.5069,80.5464,-27.16,99,91,3.12,RU,1679250375
73,san patricio,28.017,-97.5169,13.92,52,100,2.85,US,1679250376
74,shingu,33.7333,135.9833,8.26,77,71,2.2,JP,1679250376
75,saint-augustin,51.226,-58.6502,-0.11,98,100,9.63,CA,1679250377
76,great falls,47.5002,-111.3008,7.66,40,0,3.6,US,1679250340
77,katherine,-14.4667,132.2667,23.18,94,76,1.54,AU,1679250378
78,harper,4.375,-7.7169,27.97,73,78,4.35,LR,1679250378
79,diego de almagro,-26.3667,-70.05,26.22,31,2,5.61,CL,1679250379
80,burns lake,54.2331,-125.7533,0.68,86,100,1.23,CA,1679250308
81,codrington,-38.2667,141.9667,13.28,61,68,6.29,AU,1679250380
82,katsuura,35.1333,140.3,12.35,68,96,3.58,JP,1679250380
83,mwanza,-2.5167,32.9,22.48,69,100,2.15,TZ,1679250380
84,souillac,-20.5167,57.5167,26.21,89,40,0.51,MU,1679250381
85,avarua,-21.2078,-159.775,26.03,89,40,2.57,CK,1679250282
86,port alfred,-33.5906,26.891,23.43,85,97,3.13,ZA,1679250264
87,saint-philippe,-21.3585,55.7679,26.77,81,73,0.93,RE,1679250383
88,thompson,55.7435,-97.8558,-13.91,66,75,5.14,CA,1679250383
89,ancud,-41.8697,-73.8203,14.48,58,44,3.12,CL,1679250384
90,preobrazheniye,42.9019,133.9064,1.91,62,0,3.48,RU,1679250385
91,chuy,-33.6971,-53.4616,29.47,57,30,1.69,UY,1679250385
92,namibe,-15.1961,12.1522,24.06,84,100,4.38,AO,1679250386
93,cockburn town,21.4612,-71.1419,25.2,68,3,6.42,TC,1679250386
94,georgetown,5.4112,100.3354,28.86,88,20,1.03,MY,1679250225
95,najran,17.4924,44.1277,24.36,41,38,6.68,SA,1679250387
96,okhotsk,59.3833,143.3,-13.4,92,97,4.65,RU,1679250388
97,hay river,60.8156,-115.7999,-9.02,73,20,4.63,CA,1679250392
98,cidreira,-30.1811,-50.2056,26.17,65,100,4.22,BR,1679250393
99,wiarton,44.7407,-81.1332,-0.34,64,100,7.72,CA,1679250394
100,hithadhoo,-0.6,73.0833,27.8,76,100,2.18,MV,1679250295
101,mount isa,-20.7333,139.5,23.87,69,34,2.57,AU,1679250394
102,mokrousovo,55.8103,66.7653,-11.34,89,47,2.89,RU,1679250395
103,haines junction,60.7522,-137.5108,0.97,80,100,0.51,CA,1679250396
104,kapaa,22.0752,-159.319,22.83,87,100,4.63,US,1679250396
105,aljezur,37.3191,-8.8033,16.0,71,35,4.37,PT,1679250397
106,mbandaka,0.0487,18.2603,21.88,93,99,0.76,CD,1679250397
107,wanaka,-44.7,169.15,13.66,91,100,3.49,NZ,1679250398
108,lasa,46.6166,10.7002,10.49,97,100,1.14,IT,1679250398
109,mar del plata,-38.0023,-57.5575,23.01,78,100,4.12,AR,1679250264
110,tiksi,71.6872,128.8694,-26.9,96,100,6.44,RU,1679250336
111,kourou,5.1552,-52.6478,30.03,63,68,4.48,GF,1679250399
112,luderitz,-26.6481,15.1594,17.12,86,91,1.12,NA,1679250400
113,laje,-10.1833,-40.9667,31.1,35,49,0.17,BR,1679250400
114,carutapera,-1.195,-46.02,27.59,76,48,2.63,BR,1679250401
115,sarakhs,36.5449,61.1577,15.94,53,16,2.75,IR,1679250401
116,bethel,41.3712,-73.414,3.99,40,40,7.72,US,1679250402
117,cape town,-33.9258,18.4232,19.51,75,40,6.69,ZA,1679250301
118,port macquarie,-31.4333,152.9167,18.27,90,8,4.94,AU,1679250402
119,halifax,44.6453,-63.5724,6.38,58,33,11.32,CA,1679250299
120,rafaela,-31.2503,-61.4867,36.66,31,65,1.79,AR,1679250403
121,lata,40.1629,-8.3327,15.6,70,92,1.85,PT,1679250403
122,santa rosa,14.3122,121.1114,25.99,74,53,4.15,PH,1679250251
123,oyama,36.3,139.8,10.33,54,33,2.22,JP,1679250405
124,tierranueva,21.6833,-100.5667,9.25,76,98,3.24,MX,1679250405
125,owando,-0.4819,15.8999,21.69,87,94,1.01,CG,1679250406
126,bengkulu,-3.8004,102.2655,24.36,91,100,2.08,ID,1679250407
127,klaksvik,62.2266,-6.589,3.51,62,99,2.54,FO,1679250407
128,biak,-0.9131,122.8766,24.76,87,64,0.82,ID,1679250407
129,cherskiy,68.75,161.3,-17.49,93,100,3.49,RU,1679250408
130,torbay,47.6666,-52.7314,5.53,97,100,5.14,CA,1679250408
131,kupino,54.3663,77.2981,-18.61,98,7,3.03,RU,1679250409
132,salalah,17.0151,54.0924,27.05,83,75,2.57,OM,1679250301
133,tevriz,57.509,72.4042,-14.86,96,24,1.39,RU,1679250409
134,vao,-22.6667,167.4833,25.07,78,99,10.11,NC,1679250410
135,manokwari,-0.8667,134.0833,25.55,84,100,2.58,ID,1679250412
136,coffs harbour,-30.3,153.1333,22.98,83,6,6.17,AU,1679250271
137,cocorit,27.5833,-109.9667,24.19,40,83,3.24,MX,1679250413
138,broome,42.2506,-75.833,0.61,58,100,7.72,US,1679250414
139,denpasar,-8.65,115.2167,27.81,83,40,2.57,ID,1679250225
140,pandan,14.0453,124.1694,22.85,78,49,2.85,PH,1679250415
141,sitka,57.0531,-135.33,1.94,93,100,1.54,US,1679250415
142,matara,5.9485,80.5353,25.8,84,12,0.74,LK,1679250416
143,zhezkazgan,47.8043,67.7144,-3.87,75,100,9.27,KZ,1679250416
144,severo-kurilsk,50.6789,156.125,-4.64,83,99,4.74,RU,1679250417
145,embonas,36.2269,27.8564,13.07,69,28,8.51,GR,1679250417
146,vardo,70.3705,31.1107,-5.01,80,81,11.32,NO,1679250418
147,roma,43.2128,-75.4557,-1.84,81,100,10.8,US,1679250281
148,talnakh,69.4865,88.3972,-28.3,97,99,4.68,RU,1679250419
149,castro,-24.7911,-50.0119,25.92,58,16,2.39,BR,1679250343
150,bambous virieux,-20.3428,57.7575,26.14,89,40,0.51,MU,1679250323
151,manaus,-3.1019,-60.025,32.28,66,75,3.09,BR,1679250311
152,provideniya,64.3833,-173.3,-6.89,96,100,1.69,RU,1679250420
153,dingle,10.9995,122.6711,23.44,93,92,3.37,PH,1679250420
154,ribeira grande,38.5167,-28.7,16.22,72,40,9.77,PT,1679250421
155,puerto ayora,-0.7393,-90.3518,29.98,82,36,4.92,EC,1679250421
156,aklavik,68.2191,-135.0107,-14.0,72,75,4.12,CA,1679250348
157,hue,16.4667,107.6,23.06,94,40,1.54,VN,1679250309
158,dali,25.7,100.1833,9.58,88,78,2.48,CN,1679250422
159,mahebourg,-20.4081,57.7,26.16,89,40,0.51,MU,1679250423
160,norman wells,65.282,-126.8329,-6.98,63,75,4.12,CA,1679250178
161,palembang,-2.9167,104.7458,25.05,94,75,0.0,ID,1679250424
162,longyearbyen,78.2186,15.6401,-16.09,55,20,6.17,SJ,1679250424
163,ilhabela,-23.7781,-45.3581,26.63,80,12,1.9,BR,1679250425
164,ostrovnoy,68.0531,39.5131,-6.54,89,75,5.41,RU,1679250425
165,visby,57.6409,18.296,3.12,100,100,3.6,SE,1679250426
166,kaitangata,-46.2817,169.8464,13.08,89,88,2.41,NZ,1679250427
167,mortka,59.3322,66.0214,-5.85,81,100,3.21,RU,1679250427
168,inverness,57.4791,-4.224,6.95,84,75,0.0,GB,1679250209
169,zyryanka,65.75,150.85,-21.85,95,100,7.57,RU,1679250428
170,tubuala,9.5167,-79.0333,27.06,78,56,4.53,PA,1679250429
171,liverpool,53.4106,-2.9779,9.6,76,40,3.09,GB,1679250230
172,almeria,37.1667,-2.3333,13.21,61,50,2.78,ES,1679250429
173,sao filipe,14.8961,-24.4956,24.1,69,6,6.53,CV,1679250430
174,torit,4.4133,32.5678,29.03,46,88,1.42,SS,1679250430
175,constitucion,-35.3333,-72.4167,22.1,60,7,6.69,CL,1679250431
176,grand gaube,-20.0064,57.6608,26.22,81,10,2.7,MU,1679250431
177,asyut,27.181,31.1837,19.1,32,1,4.61,EG,1679250432
178,berlevag,70.8578,29.0864,-1.0,74,20,12.35,NO,1679250433
179,olafsvik,64.8945,-23.7142,-3.62,63,74,7.77,IS,1679250435
180,at-bashi,41.1702,75.8106,-8.09,87,61,0.69,KG,1679250435
181,pevek,69.7008,170.3133,-11.18,91,100,4.91,RU,1679250340
182,salinopolis,-0.6136,-47.3561,27.23,72,36,3.74,BR,1679250437
183,taitung,22.7583,121.1444,21.51,86,57,1.32,TW,1679250437
184,aitape,-3.1374,142.3475,25.06,87,79,1.42,PG,1679250438
185,kiama,-34.6833,150.8667,22.54,89,90,0.89,AU,1679250438
186,anadyr,64.75,177.4833,-7.72,85,75,3.0,RU,1679250439
187,pandamatenga,-18.5278,25.627,20.54,71,56,2.56,BW,1679250440
188,kavieng,-2.5744,150.7967,26.81,80,30,3.53,PG,1679250440
189,parrsboro,45.4001,-64.332,3.48,70,30,6.26,CA,1679250441
190,meridian,43.6121,-116.3915,8.17,48,0,7.2,US,1679250441
191,tual,-5.6667,132.75,28.15,72,99,1.61,ID,1679250442
192,umm kaddadah,13.6017,26.6876,28.1,10,26,6.02,SD,1679250443
193,yinchuan,38.4681,106.2731,9.13,35,11,2.63,CN,1679250443
194,east london,-33.0153,27.9116,23.52,83,75,4.63,ZA,1679250444
195,isagarh,24.8333,77.8833,20.01,65,89,3.99,IN,1679250444
196,benguela,-12.5763,13.4055,26.59,80,28,1.48,AO,1679250445
197,mogadouro,41.3403,-6.7119,14.59,56,98,0.74,PT,1679250445
198,sao joao da barra,-21.6403,-41.0511,31.05,75,15,5.1,BR,1679250446
199,hualmay,-11.0964,-77.6139,26.07,66,35,4.41,PE,1679250447
200,leogane,18.5108,-72.6339,33.11,53,0,2.76,HT,1679250447
201,bathsheba,13.2167,-59.5167,29.34,58,40,10.29,BB,1679250448
202,podor,16.6527,-14.9587,38.74,8,0,5.22,MR,1679250448
203,da nang,16.0678,108.2208,24.99,88,75,1.03,VN,1679250449
204,nemuro,43.3236,145.575,1.12,76,50,5.58,JP,1679250449
205,massakory,12.996,15.7293,31.71,33,100,5.39,TD,1679250450
206,oranjemund,-28.55,16.4333,17.71,89,99,3.73,NA,1679250450
207,progreso,21.2833,-89.6667,22.28,81,69,11.36,MX,1679250451
208,ciulnita,44.5333,27.35,10.89,54,60,2.0,RO,1679250451
209,kahului,20.8947,-156.47,26.58,78,0,2.06,US,1679250452
210,san andres,12.5847,-81.7006,31.01,58,20,4.63,CO,1679250453
211,mocajuba,-2.5842,-49.5072,28.36,76,44,1.75,BR,1679250453
212,lekoni,-1.5843,14.2591,23.38,81,91,0.87,GA,1679250454
213,plettenberg bay,-34.0527,23.3716,19.21,92,100,1.85,ZA,1679250454
214,tevaitoa,-16.7833,-151.5,27.72,71,92,3.96,PF,1679250455
215,elko,41.0002,-115.5012,3.36,54,100,0.89,US,1679250438
216,mantua,45.1667,10.7833,14.08,86,100,2.66,IT,1679250455
217,saint george,37.1041,-113.5841,13.47,33,0,6.17,US,1679250457
218,port lincoln,-34.7333,135.8667,17.19,69,65,10.2,AU,1679250458
219,port hedland,-20.3167,118.5667,27.03,65,0,2.57,AU,1679250432
220,khatanga,71.9667,102.5,-38.02,100,66,3.24,RU,1679250283
221,khorixas,-20.3667,14.9667,24.01,33,47,6.93,NA,1679250460
222,aswan,24.0934,32.907,24.61,13,0,5.66,EG,1679250333
223,boffa,10.1667,-14.0333,26.95,65,24,6.02,GN,1679250461
224,acari,-15.4311,-74.6158,29.48,54,78,4.89,PE,1679250461
225,dudinka,69.4058,86.1778,-23.06,98,94,6.52,RU,1679250462
226,vila velha,-20.3297,-40.2925,29.97,75,20,5.66,BR,1679250462
227,rodrigues alves,-7.738,-72.6509,27.11,44,80,1.56,BR,1679250463
228,alindao,5.0267,21.2088,24.47,66,84,1.11,CF,1679250464
229,heihe,50.2441,127.4902,4.32,79,28,2.03,CN,1679250464
230,tonk,26.1667,75.7833,21.43,58,76,4.24,IN,1679250465
231,shakawe,-18.3667,21.85,24.91,46,37,3.36,BW,1679250465
232,cayenne,4.9333,-52.3333,30.02,66,63,7.2,GF,1679250308
233,los andes,-32.8337,-70.5983,31.67,20,1,3.64,CL,1679250466
234,upernavik,72.7868,-56.1549,-26.74,98,98,5.59,GL,1679250380
235,boras,57.721,12.9401,8.24,94,98,3.06,SE,1679250467
236,solnechnyy,50.7214,136.6319,-3.06,78,10,2.19,RU,1679250467
237,axim,4.8699,-2.2405,27.87,77,54,4.33,GH,1679250468
238,zarubino,42.63,131.0922,2.58,65,0,1.97,RU,1679250468
239,road town,18.4167,-64.6167,27.05,70,84,9.29,VG,1679250469
240,petrozavodsk,61.7849,34.3469,0.7,69,100,1.0,RU,1679250469
241,ornskoldsvik,63.2909,18.7153,-1.47,100,100,3.6,SE,1679250329
242,salta,-24.7859,-65.4117,30.33,46,20,3.09,AR,1679250470
243,zyuzelskiy,56.4856,60.1331,-5.09,80,81,2.45,RU,1679250471
244,tuatapere,-46.1333,167.6833,15.03,83,100,3.73,NZ,1679250471
245,tarakan,3.3,117.6333,26.33,81,93,1.79,ID,1679250472
246,bayan,46.0833,127.4,1.44,44,0,3.56,CN,1679250472
247,kefamenanu,-9.4467,124.4781,21.23,96,74,1.41,ID,1679250473
248,narsaq,60.9167,-46.05,0.91,69,100,3.04,GL,1679250473
249,faanui,-16.4833,-151.75,27.65,67,99,4.41,PF,1679250474
250,pedernales,18.0384,-71.744,28.76,53,2,2.46,DO,1679250474
251,arraial do cabo,-22.9661,-42.0278,31.98,66,20,7.2,BR,1679250475
252,karatau,43.1667,70.4667,3.99,64,77,1.55,KZ,1679250475
253,ballarat,-37.5662,143.8496,10.32,91,55,1.79,AU,1679250476
254,tortoli,39.9256,9.6572,13.9,82,40,5.14,IT,1679250180
255,belousovka,50.1339,82.5239,-8.53,79,75,10.0,KZ,1679250477
256,ankazoabo,-22.2833,44.5167,22.78,83,19,2.71,MG,1679250477
257,mahanoro,-19.9,48.8,25.68,89,84,3.07,MG,1679250486
258,laguna,38.421,-121.4238,12.73,87,100,9.26,US,1679250487
259,ponta do sol,32.6667,-17.1,20.07,78,74,1.16,PT,1679250487
260,bogale,16.2833,95.4,25.31,72,16,3.92,MM,1679250488
261,ejura,7.3856,-1.3562,28.13,52,100,1.03,GH,1679250488
262,hasaki,35.7333,140.8333,7.9,62,21,3.91,JP,1679250427
263,yarmouth,41.7057,-70.2286,6.09,41,0,8.23,US,1679250489
264,benjamin constant,-4.3831,-70.0311,27.07,83,20,2.57,BR,1679250490
265,fairbanks,64.8378,-147.7164,-3.0,74,75,2.57,US,1679250490
266,chicama,-7.8447,-79.1469,28.3,62,45,4.58,PE,1679250491
267,port blair,11.6667,92.75,28.02,83,20,1.03,IN,1679250491
268,port-gentil,-0.7193,8.7815,27.98,83,40,2.06,GA,1679250492
269,upala,10.8979,-85.0145,30.09,48,24,2.3,CR,1679250492
270,roebourne,-20.7833,117.1333,30.37,58,5,1.57,AU,1679250493
271,perehonivka,48.5355,30.5192,6.77,52,4,2.5,UA,1679250493
272,robertsport,6.7533,-11.3686,26.71,80,69,5.91,LR,1679250494
273,uray,60.1247,64.7758,-4.88,80,100,5.1,RU,1679250495
274,puerto carreno,6.189,-67.4859,33.99,38,0,5.14,CO,1679250495
275,qasigiannguit,68.8193,-51.1922,-2.86,80,100,0.79,GL,1679250496
276,newport,51.5877,-2.9984,9.15,79,97,4.28,GB,1679250483
277,san fernando,15.0286,120.6898,24.85,82,91,1.54,PH,1679250497
278,rio verde de mato grosso,-18.9181,-54.8442,26.33,78,92,5.35,BR,1679250497
279,broken hill,-31.95,141.4333,21.6,46,68,8.61,AU,1679250498
280,tiptur,13.2586,76.4783,21.63,57,21,4.68,IN,1679250499
281,tarnos,43.5417,-1.4628,13.12,76,20,2.06,FR,1679250499
282,saint-pierre,-21.3393,55.4781,26.82,74,0,1.03,RE,1679250500
283,guerrero negro,27.9769,-114.0611,21.59,32,10,1.25,MX,1679250469
284,metsavan,41.2016,44.2288,4.41,99,100,2.05,AM,1679250501
285,soyo,-6.1349,12.3689,26.95,77,36,2.98,AO,1679250502
286,ilulissat,69.2167,-51.1,-2.99,50,75,2.06,GL,1679250503
287,hit,33.6416,42.8251,19.41,33,3,0.35,IQ,1679250504
288,coquimbo,-29.9533,-71.3436,21.85,73,20,7.72,CL,1679250436
289,kelo,9.3086,15.8066,30.77,37,86,2.44,TD,1679250505
290,cururupu,-1.8283,-44.8683,27.18,85,45,0.82,BR,1679250506
291,samarai,-10.6167,150.6667,28.28,78,8,6.22,PG,1679250507
292,isangel,-19.55,169.2667,25.22,87,95,6.18,VU,1679250508
293,half moon bay,37.4636,-122.4286,13.97,90,75,5.14,US,1679250300
294,gediz,39.0417,29.41,5.58,92,100,4.8,TR,1679250508
295,pontianak,-0.0333,109.3333,24.99,94,100,0.51,ID,1679250509
296,bandarbeyla,9.4942,50.8122,26.96,79,93,2.63,SO,1679250510
297,nome,64.5011,-165.4064,-21.96,84,0,0.0,US,1679250510
298,flinders,-34.5833,150.8552,22.43,88,76,1.79,AU,1679250511
299,richards bay,-28.783,32.0377,24.0,94,4,0.98,ZA,1679250511
300,dickinson,29.4608,-95.0513,13.93,38,0,4.63,US,1679250512
301,gisborne,-38.6533,178.0042,15.9,90,58,2.64,NZ,1679250513
302,realeza,-25.7689,-53.5325,31.38,41,9,1.13,BR,1679250514
303,champerico,14.3,-91.9167,35.3,61,9,4.73,GT,1679250514
304,sept-iles,50.2001,-66.3821,1.7,68,75,9.26,CA,1679250242
305,birao,10.2849,22.7882,32.13,23,77,1.43,CF,1679250515
306,nipawin,53.3668,-104.0009,-5.98,93,100,5.14,CA,1679250516
307,vostok,46.4856,135.8833,-6.79,90,53,2.74,RU,1679250516
308,yerbogachen,61.2767,108.0108,-17.42,95,100,5.69,RU,1679250517
309,yubileynyy,58.781,57.7778,-6.12,80,100,3.22,RU,1679250517
310,sambava,-14.2667,50.1667,25.91,85,89,2.12,MG,1679250368
311,antalaha,-14.9003,50.2788,25.5,87,93,1.97,MG,1679250518
312,kangaatsiaq,68.3065,-53.4641,-6.96,87,100,5.32,GL,1679250518
313,dong hoi,17.4833,106.6,21.72,95,87,2.28,VN,1679250519
314,polewali,-3.4324,119.3435,25.48,90,98,0.35,ID,1679250519
315,kirakira,-10.4544,161.9205,26.06,83,27,0.62,SB,1679250520
316,meulaboh,4.1363,96.1285,25.72,86,100,0.95,ID,1679250520
317,sulangan,11.1373,123.7228,26.08,80,92,7.43,PH,1679250521
318,hirtshals,57.5881,9.9592,7.45,96,88,4.36,DK,1679250521
319,kiunga,-6.1219,141.2906,22.92,100,100,0.53,PG,1679250522
320,nizhneudinsk,54.9076,99.0276,-1.6,95,75,1.72,RU,1679250522
321,vestmannaeyjar,63.4427,-20.2734,3.55,65,40,5.14,IS,1679250523
322,hami,42.8,93.45,9.22,34,78,3.6,CN,1679250523
323,georgiyevka,43.0369,74.7114,0.02,74,0,2.0,KZ,1679250524
324,shirvan,39.9509,48.8994,12.41,82,100,3.76,AZ,1679250524
325,taltal,-25.4,-70.4833,22.14,71,43,2.18,CL,1679250525
326,kodiak,57.79,-152.4072,-1.27,80,0,1.54,US,1679250525
327,lensk,60.7253,114.9278,-12.88,95,100,3.96,RU,1679250526
328,laon,49.5667,3.6667,8.42,81,84,3.62,FR,1679250527
329,nobres,-14.7203,-56.3275,24.47,89,100,1.83,BR,1679250528
330,terrace,54.5163,-128.6035,5.95,56,100,4.12,CA,1679250528
331,saskylakh,71.9167,114.0833,-28.71,98,100,2.86,RU,1679250298
332,cabo san lucas,22.8909,-109.9124,25.9,69,0,4.12,MX,1679250266
333,camana,-16.6228,-72.7111,25.56,75,80,3.53,PE,1679250529
334,kodinsk,58.6881,99.1844,-10.27,94,100,4.79,RU,1679250530
335,ouesso,1.6136,16.0517,21.66,88,97,0.92,CG,1679250530
336,salina,38.8403,-97.6114,8.34,28,0,8.23,US,1679250378
337,puerto madero,14.7208,-92.4215,33.11,58,20,3.6,MX,1679250531
338,manuk mangkaw,4.8,119.85,28.07,76,99,4.25,PH,1679250532
339,havoysund,70.9963,24.6622,0.13,91,100,3.2,NO,1679250532
340,kijang,35.2442,129.2139,5.85,52,28,2.17,KR,1679250532
341,port hardy,50.6996,-127.4199,9.1,66,100,1.54,CA,1679250533
342,bilibino,68.0546,166.4372,-24.32,100,89,1.71,RU,1679250533
343,namatanai,-3.6667,152.4333,25.72,83,23,1.75,PG,1679250534
344,valkeala,60.9401,26.7979,2.22,96,100,1.54,FI,1679250535
345,adrar,20.5022,-10.0711,29.65,13,0,5.4,MR,1679250535
346,makakilo city,21.3469,-158.0858,25.11,86,40,1.54,US,1679250536
347,valley,45.1277,-116.1262,-1.89,72,100,1.82,US,1679250536
348,grand-santi,4.25,-54.3833,33.94,34,61,1.69,GF,1679250537
349,airai,-8.9266,125.4092,14.77,93,93,1.07,TL,1679250537
350,wang saphung,17.301,101.7685,26.53,63,98,1.47,TH,1679250538
351,abnub,27.2696,31.1511,19.12,31,1,5.01,EG,1679250538
352,coihaique,-45.5752,-72.0662,15.34,58,20,1.54,CL,1679250538
353,rocha,-34.4833,-54.3333,28.97,57,33,3.06,UY,1679250432
354,buzmeyin,38.0507,58.2056,14.85,72,75,0.0,TM,1679250539
355,tiarei,-17.5333,-149.3333,27.01,74,100,2.99,PF,1679250540
356,sao joao dos patos,-6.495,-43.7022,28.97,59,55,1.23,BR,1679250540
357,valga,57.7778,26.0473,2.78,85,99,1.02,EE,1679250541
358,pangnirtung,66.1451,-65.7125,-23.0,77,75,5.14,CA,1679250541
359,geraldton,-28.7667,114.6,19.23,94,2,3.6,AU,1679250542
360,kushmurun,52.4503,64.6311,-17.57,93,7,2.67,KZ,1679250542
361,gamba,-2.65,10.0,26.39,81,47,3.33,GA,1679250543
362,pizarro,4.9533,-77.366,27.98,75,73,3.24,CO,1679250544
363,qostanay,53.1667,63.5833,-10.84,67,0,2.0,KZ,1679250544
364,ambulu,-8.345,113.6058,24.18,90,97,1.45,ID,1679250545
365,manaure,11.7751,-72.4445,31.28,41,9,8.95,CO,1679250545
366,yulara,-25.2406,130.9889,28.0,33,10,4.35,AU,1679250546
367,whitehorse,60.7161,-135.0538,3.43,65,75,6.69,CA,1679250471
368,high prairie,55.4334,-116.4858,-2.36,91,100,1.52,CA,1679250547
369,snezhnogorsk,69.1933,33.2531,-6.12,89,31,4.08,RU,1679250548
370,loralai,30.3705,68.598,15.11,67,3,2.08,PK,1679250548
371,luleburgaz,41.4039,27.3592,6.64,86,47,2.11,TR,1679250370
372,the pas,53.8251,-101.2541,-8.99,62,0,3.6,CA,1679250549
373,hobyo,5.3505,48.5268,28.21,74,100,4.58,SO,1679250550
374,ofaqim,31.3141,34.6203,12.06,72,34,7.25,IL,1679250551
375,oak ridge,36.0104,-84.2696,3.51,48,100,0.0,US,1679250551
376,lianran,24.9227,102.485,15.3,66,43,1.56,CN,1679250552
377,moranbah,-22.0016,148.0466,20.39,82,4,4.65,AU,1679250553
378,vondrozo,-22.8167,47.2833,20.83,98,83,0.22,MG,1679250554
379,samoded,63.6083,40.5111,0.08,95,97,2.89,RU,1679250554
380,sirjan,29.452,55.6814,15.31,20,25,3.27,IR,1679250555
381,labuhan,-6.8844,112.2051,26.17,82,100,1.51,ID,1679250555
382,touho,-20.7833,165.2333,25.51,78,28,11.8,NC,1679250556
383,ewa beach,21.3156,-158.0072,26.35,86,40,1.54,US,1679250392
384,wanning,18.8003,110.3967,21.5,87,93,1.99,CN,1679250557
385,hachinohe,40.5,141.5,6.09,66,4,7.92,JP,1679250557
386,huilong,31.8111,121.655,9.4,79,100,3.09,CN,1679250558
387,sukhobuzimskoye,56.5,93.2728,-11.48,86,100,6.7,RU,1679250558
388,vanimo,-2.6741,141.3028,24.74,90,73,1.4,PG,1679250559
389,komsomolskiy,40.4272,71.7189,14.4,58,40,1.03,UZ,1679250559
390,tanda,26.55,82.65,20.31,71,100,3.47,IN,1679250560
391,dongning,44.0622,131.1207,1.29,56,0,2.1,CN,1679250561
392,tautira,-17.7333,-149.15,26.92,75,100,3.21,PF,1679250561
393,hastings,50.8552,0.5729,9.88,30,89,3.69,GB,1679250562
394,hattiesburg,31.3271,-89.2903,10.68,33,0,5.14,US,1679250562
395,ust-kuyga,70.0167,135.6,-28.02,98,100,0.36,RU,1679250563
396,yarada,17.65,83.2667,23.18,100,75,1.03,IN,1679250563
397,svetlogorsk,52.6333,29.7333,3.63,64,97,2.52,BY,1679250564
398,holme,56.1138,10.1725,8.99,89,89,2.59,DK,1679250564
399,beringovskiy,63.05,179.3167,-12.35,92,8,3.13,RU,1679250565
400,palmer,42.1584,-72.3287,3.58,34,75,8.23,US,1679250566
401,sayhat,26.4852,50.0405,26.11,57,58,6.06,SA,1679250566
402,prince albert,53.2001,-105.7677,-5.03,86,100,5.14,CA,1679250567
403,tezu,27.9167,96.1667,17.87,94,100,0.61,IN,1679250568
404,noshiro,40.2039,140.0242,6.92,65,3,4.06,JP,1679250569
405,tura,25.5198,90.2201,17.01,97,100,1.32,IN,1679250569
406,puerto rondon,6.2805,-71.1,36.06,22,50,4.73,CO,1679250570
407,camacari,-12.6975,-38.3242,28.87,70,100,3.39,BR,1679250570
408,spisska nova ves,48.9446,20.5615,8.55,71,100,1.86,SK,1679250571
409,san quintin,30.4833,-115.95,18.81,50,82,2.97,MX,1679250572
410,lagoa,39.05,-27.9833,14.35,78,18,12.28,PT,1679250573
411,nha trang,12.25,109.1833,25.0,91,7,2.67,VN,1679250574
412,yendi,9.4427,-0.0099,32.09,36,93,3.9,GH,1679250576
413,praia da vitoria,38.7333,-27.0667,18.14,72,75,10.32,PT,1679250534
414,saint-francois,46.4154,3.9054,10.69,66,75,5.14,FR,1679250577
415,san vicente,-26.6167,-54.1333,33.6,24,34,1.55,AR,1679250577
416,esperance,-33.8667,121.9,16.73,84,14,7.07,AU,1679250578
417,oxbow,49.2333,-102.1676,-6.31,81,58,3.62,CA,1679250579
418,lompoc,34.6391,-120.4579,13.8,74,20,11.83,US,1679250417
419,arman,59.7,150.1667,-9.84,95,100,3.38,RU,1679250580
420,bauchi,10.5,10.0,29.53,9,98,1.68,NG,1679250580
421,todos santos,23.45,-110.2167,20.37,79,1,3.19,MX,1679250580
422,nouadhibou,20.931,-17.0347,21.99,64,0,6.69,MR,1679250581
423,nanortalik,60.1432,-45.2371,1.16,65,100,2.43,GL,1679250581
424,butajira,8.1167,38.3667,14.87,87,100,1.55,ET,1679250582
425,vaitape,-16.5167,-151.75,27.67,67,99,4.34,PF,1679250583
426,luangwa,-15.6167,30.4167,24.12,74,71,0.63,ZM,1679250583
427,puerto berrio,6.4916,-74.4033,32.93,51,52,1.71,CO,1679250584
428,kieta,-6.2167,155.6333,25.65,85,62,1.74,PG,1679250584
429,mwinilunga,-11.7358,24.4293,16.81,95,88,0.49,ZM,1679250585
430,bilma,18.6853,12.9164,30.17,6,79,3.04,NE,1679250585
431,kavaratti,10.5669,72.642,28.04,61,29,3.61,IN,1679250586
432,lianzhou,24.7811,112.3825,18.51,91,97,0.36,CN,1679250586
433,presidencia roque saenz pena,-26.7852,-60.4388,36.06,30,2,3.07,AR,1679250586
434,mercedes,-34.6515,-59.4307,35.48,31,32,3.42,AR,1679250587
435,scarborough,54.2797,-0.4044,8.76,76,96,2.24,GB,1679250587
436,san cristobal,7.7669,-72.225,25.1,48,94,0.39,VE,1679250588
437,magistralnyy,56.1725,107.4458,-9.09,97,23,1.61,RU,1679250589
438,tazovskiy,67.4667,78.7,-16.21,87,96,6.99,RU,1679250589
439,lesnoy,57.6198,63.0784,-4.58,68,96,5.01,RU,1679250590
440,stephenville,32.2207,-98.2023,11.19,31,0,2.06,US,1679250590
441,ossora,59.2353,163.0719,-16.86,90,98,1.64,RU,1679250591
442,poronaysk,49.2167,143.1167,-2.12,82,53,3.56,RU,1679250591
443,kirkwall,58.9848,-2.9587,7.03,70,75,0.51,GB,1679250592
444,camacha,33.0833,-16.3333,16.68,72,40,4.12,PT,1679250592
445,kyren,51.6828,102.1408,-4.87,72,20,1.02,RU,1679250593
446,otane,-39.8833,176.6333,11.12,96,81,0.91,NZ,1679250593
447,abong mbang,3.9833,13.1833,20.47,86,96,1.0,CM,1679250594
448,zhigansk,66.7697,123.3711,-36.93,99,22,3.35,RU,1679250595
449,bera,24.0833,89.6167,20.51,91,100,4.13,BD,1679250596
450,sao geraldo do araguaia,-6.4006,-48.555,23.29,96,100,1.76,BR,1679250368
451,lishu,43.3047,124.3278,5.27,33,30,8.14,CN,1679250597
452,namtsy,62.7161,129.6658,-26.12,86,39,5.21,RU,1679250598
453,bonthe,7.5264,-12.505,27.88,62,40,5.9,SL,1679250598
454,san carlos de bariloche,-41.1456,-71.3082,18.86,26,0,5.66,AR,1679250599
455,taboga,46.2663,13.1092,11.66,51,100,1.22,IT,1679250600
456,belaya gora,68.5333,146.4167,-26.52,97,100,6.45,RU,1679250600
457,nuzvid,16.7833,80.85,22.15,91,6,3.16,IN,1679250601
458,zyryanovsk,49.7386,84.2719,-5.24,91,100,3.74,KZ,1679250602
459,jos,9.9167,8.9,25.16,29,100,2.34,NG,1679250602
460,yuci,37.6803,112.7319,5.86,65,2,2.0,CN,1679250604
461,weligama,5.9667,80.4167,25.4,85,5,0.82,LK,1679250604
462,tinskoy,56.1525,96.9161,-6.52,83,100,5.87,RU,1679250605
463,noumea,-22.2763,166.4572,26.67,99,84,6.37,NC,1679250604
464,port hawkesbury,45.6169,-61.3485,7.73,54,0,5.14,CA,1679250343
465,kayes,14.0,-11.0,35.61,7,6,1.25,ML,1679250607
466,pueblo nuevo,23.3833,-105.3833,19.27,19,0,3.57,MX,1679250607
467,brzeziny,51.8002,19.7514,11.21,53,100,2.68,PL,1679250608
468,pokhara,28.2333,83.9833,14.5,80,100,0.52,NP,1679250609
469,harlingen,26.1906,-97.6961,12.72,86,100,8.75,US,1679250610
470,itarema,-2.9248,-39.9167,26.89,77,94,5.04,BR,1679250610
471,belyy yar,53.6039,91.3903,-2.86,70,40,8.0,RU,1679250611
472,eruwa,7.5333,3.4167,28.36,63,100,4.66,NG,1679250613
473,mukhen,48.1,136.1,-0.99,82,29,3.89,RU,1679250613
474,necochea,-38.5473,-58.7368,19.1,78,92,5.28,AR,1679250614
475,deputatskiy,69.3,139.9,-29.35,95,100,2.59,RU,1679250615
476,orlik,52.5178,99.825,-13.96,94,58,1.44,RU,1679250615
477,riyadh,24.6877,46.7219,23.08,16,0,3.67,SA,1679250384
478,edd,13.9297,41.6925,26.82,79,29,2.1,ER,1679250616
479,canon city,38.441,-105.2424,10.1,20,8,4.02,US,1679250617
480,roald,62.5833,6.1333,4.86,81,40,3.09,NO,1679250617
481,san pedro de macoris,18.4616,-69.2972,32.07,53,17,6.24,DO,1679250619
482,port-cartier,50.0334,-66.8654,1.53,65,98,6.51,CA,1679250619
483,bonfim,3.0833,-59.95,36.64,23,7,4.52,BR,1679250620
484,bantry,51.6833,-9.45,10.44,98,100,4.49,IE,1679250621
485,eydhafushi,5.1033,73.0708,27.7,74,100,1.62,MV,1679250622
486,berbera,10.4396,45.0143,27.02,68,100,0.68,SO,1679250623
487,garissa,-0.4536,39.6401,30.26,51,100,9.46,KE,1679250623
488,yevlax,40.6089,47.1492,13.99,77,100,3.6,AZ,1679250625
489,kagadi,0.9606,30.7967,17.72,89,82,0.68,UG,1679250625
490,kulhudhuffushi,6.6221,73.07,27.82,73,42,2.03,MV,1679250438
491,aleksandrovskiy zavod,50.9237,117.9374,-2.74,96,100,1.58,RU,1679250626
492,ximei,24.9639,118.3794,15.67,84,97,1.33,CN,1679250626
493,hovd,48.0056,91.6419,1.71,46,100,5.51,MN,1679250627
494,havre-saint-pierre,50.2334,-63.5986,0.2,80,100,11.32,CA,1679250628
495,paamiut,61.994,-49.6678,-0.02,73,100,2.69,GL,1679250629
496,masterton,-40.9597,175.6575,14.38,95,10,2.04,NZ,1679250630
497,argel,36.7525,3.042,14.9,82,40,3.09,DZ,1679250631
498,galesong,-5.3166,119.3661,25.01,87,100,3.08,ID,1679250632
499,simao,22.7886,100.9748,16.31,62,100,0.57,CN,1679250633
500,kruisfontein,-34.0033,24.7314,22.71,88,100,5.78,ZA,1679250634
501,fort saint james,54.4333,-124.25,1.32,97,100,0.72,CA,1679250634
502,nikolayevka,53.1257,47.2041,-1.06,99,100,1.47,RU,1679250635
503,buraydah,26.326,43.975,22.25,22,0,4.69,SA,1679250635
504,san policarpo,12.1791,125.5072,25.41,70,98,4.21,PH,1679250415
505,caravelas,-17.7125,-39.2481,27.74,65,9,3.36,BR,1679250636
506,bairiki,1.3292,172.9752,26.0,89,20,2.06,KI,1679250636
507,bonanza,14.0289,-84.591,33.69,35,46,1.83,NI,1679250637
508,cabatuan,10.8794,122.486,23.18,93,100,4.27,PH,1679250637
509,kavarna,43.4333,28.3333,6.6,85,99,0.66,BG,1679250638
510,lowestoft,52.4752,1.7516,10.23,79,100,3.99,GB,1679250639
511,thinadhoo,0.5333,72.9333,27.37,78,82,1.94,MV,1679250639
512,amahai,-3.3333,128.9167,25.58,83,100,1.3,ID,1679250640
513,mnogovershinnyy,53.9353,139.9242,-5.94,94,84,4.1,RU,1679250640
514,rio grande,-32.035,-52.0986,34.06,59,3,5.69,BR,1679250641
515,sorland,67.667,12.6934,-1.08,82,100,1.34,NO,1679250642
516,rzhev,56.2624,34.3282,-2.64,93,100,2.44,RU,1679250645
517,mariental,-24.6333,17.9667,28.56,15,96,7.16,NA,1679250646
518,tilichiki,60.4667,166.1,-22.66,99,94,3.15,RU,1679250646
519,rodino,52.5,80.25,-15.92,97,7,3.14,RU,1679250647
520,hanover,52.3705,9.7332,14.03,88,0,1.54,DE,1679250590
521,kununurra,-15.7667,128.7333,24.99,94,40,0.0,AU,1679250647
522,kilindoni,-7.9139,39.6668,26.91,78,100,2.44,TZ,1679250648
523,venustiano carranza,19.43,-99.0992,20.99,24,40,2.06,MX,1679250649
524,bend,44.0582,-121.3153,8.23,62,75,2.06,US,1679250621
525,maltahohe,-24.8333,16.9833,22.53,19,22,5.51,NA,1679250649
526,umm lajj,25.0213,37.2685,20.93,47,0,3.79,SA,1679250650
527,puerto escondido,15.85,-97.0667,29.46,65,40,4.12,MX,1679250479
528,cordoba,-31.4135,-64.1811,33.47,52,40,4.12,AR,1679250601
529,kismayo,-0.3582,42.5454,27.24,82,100,5.77,SO,1679250651
530,alta floresta,-9.8756,-56.0861,31.9,62,40,4.63,BR,1679250651
531,kholodnyy,62.7167,147.95,-19.48,99,100,1.51,RU,1679250652
532,shaunavon,49.6501,-108.4181,-0.12,90,66,3.27,CA,1679250652
533,hunchun,42.8675,130.3581,2.75,59,0,1.28,CN,1679250652
534,iqaluit,63.7506,-68.5145,-27.15,69,0,9.77,CA,1679250653
535,skibbereen,51.55,-9.2667,10.62,98,100,6.37,IE,1679250653
536,aksu,41.1231,80.2644,7.4,17,30,5.25,CN,1679250654
537,kirgiz-miyaki,53.6324,54.7979,-5.73,77,90,5.26,RU,1679250655
538,ketchikan,55.3422,-131.6461,6.99,87,100,2.06,US,1679250655
539,ulaangom,49.9811,92.0667,-11.6,93,100,1.59,MN,1679250656
540,mayumba,-3.432,10.6554,25.83,86,100,1.35,GA,1679250656
